Vehicle,Route,OnwardReturn,TripStart,TripEnd,TotalDistance,DurationMinutes,AverageSpeed,ActualGPSDistance,GPSShortestDistance,GPSExtraDistance,GPSDeviationScore,RouteOutlier,TimeOutlier,GPSPatternOutlier,ShortestPathOutlier,RiskScore,RiskLevel,SuggestedPath,Reasons
AP39U9529,"BAYYAVARAM -> BHANJANAGAR",ONWARD,2026-03-30T02:06,2026-03-30T22:54,222.9,555,24.0972972972973,189.19363683370443,151.3154575180945,37.87817931560994,123.25997090963683,false,false,true,false,48.77685818133176,MEDIUM,"Rayagada-Bhawanipatna Road, Bissamcuttack, Rayagada, Odisha -> IACR College Road, Sai Priya Nagar, Rayagada, Rayagada, Odisha -> Chilakapalem Ramabhadrapuram Rayagada Road, Rambadrapuram, Vizianagaram, Andhra Pradesh -> Chilakapalem Ramabhadrapuram Rayagada Road, Mettavalasa, Vizianagaram, Andhra Pradesh -> Raipur - Jagdalpur - Vishakhapatnam road, Manapuram, Vizianagaram, Andhra Pradesh -> National Highway 26, Vizianagaram, Andhra Pradesh","[GPS movement pattern deviated from normal route behavior by 123.26%.]"
AP39U9649,"BAYYAVARAM -> CHHATRAPUR",ONWARD,2026-03-31T06:41,2026-03-31T14:33,4.299999999999999,71,3.6338028169014076,3.3501280123579287,3.0341871801697415,0.31594083218818714,63.49215720186854,false,false,true,false,39.1897328620762,MEDIUM,"SAGAR CEMENTS LIMITED BAYAVARRAM -> PST BUNK OFFICE - BAYYAVARAM","[GPS movement pattern deviated from normal route behavior by 63.49%.]"
AP39U9529,"BAYYAVARAM -> CHHATRAPUR",ONWARD,2026-03-18T07:40,2026-03-18T19:43,263.4,550,28.734545454545454,237.99895095529962,239.80568474505745,-1.8067337897578284,63.41334362815496,true,true,true,false,34.450734167351484,MEDIUM,"SAGAR CEMENTS LIMITED BAYAVARRAM -> Vizag - Srikakulam Highway, Natavalasa, Vizianagaram, Andhra Pradesh -> Vizag - Srikakulam Highway, Arinam Akkivalasa, Srikakulam, Andhra Pradesh -> Srikakulam - Ichchapuram Highway, Srikakulam, Andhra Pradesh -> Srikakulam - Ichchapuram Highway, Kesaripada, Srikakulam, Andhra Pradesh -> Srikakulam - Ichchapuram Highway, Karapadu, Srikakulam, Andhra Pradesh","[GPS movement pattern deviated from normal route behavior by 63.41%., Trip duration was higher than the normal duration for this route.]"
AP39U9649,"BAYYAVARAM -> BALUGAON",ONWARD,2026-03-17T04:56,2026-03-18T00:25,264.49999999999994,598,26.538461538461533,215.7542828132762,123.03939615874444,92.71488665453177,27.651684478886846,true,false,false,true,33.480538044972775,MEDIUM,"BahinipatiKerada, Vizianagaram, Andhra Pradesh -> Chilakapalem Ramabhadrapuram Rayagada Road, Vizianagaram, Andhra Pradesh -> Chilakapalem Ramabhadrapuram Rayagada Road, Dhanunjayapuram, Vizianagaram, Andhra Pradesh -> Chilakapalem Ramabhadrapuram Rayagada Road, Surammapeta, Vizianagaram, Andhra Pradesh -> Raipur - Jagdalpur - Vishakhapatnam road, S. Burjavalasa, Vizianagaram, Andhra Pradesh -> National Highway 26, Vizianagaram, Andhra Pradesh -> Bheemunipatnam Narsipatnam Road, Visakhapatnam, Vishakhapatnam, Andhra Pradesh","[Vehicle traveled 92.71 km more than the learned shortest GPS path.]"
AP39U9629,"BAYYAVARAM -> BHANJANAGAR",ONWARD,2026-03-13T06:39,2026-03-13T23:16,263.2,534,29.573033707865164,209.4210097829015,122.59330498502706,86.82770479787445,35.53826424848653,true,false,true,true,32.355911168218505,MEDIUM,"BahinipatiKerada, Vizianagaram, Andhra Pradesh -> Chilakapalem Ramabhadrapuram Rayagada Road, Sitanagaram, Vizianagaram, Andhra Pradesh -> Raipur - Jagdalpur - Vishakhapatnam road, Marrivalasa, Vizianagaram, Andhra Pradesh -> Bheemunipatnam Narsipatnam Road, Visakhapatnam, Vishakhapatnam, Andhra Pradesh","[Vehicle traveled 86.83 km more than the learned shortest GPS path., GPS movement pattern deviated from normal route behavior by 35.54%.]"
AP39U9649,"BAYYAVARAM -> PIPALAGUDA",ONWARD,2026-03-01T05:06,2026-03-01T22:07,267.29999999999995,540,29.699999999999996,216.82172668245627,76.80187328223877,140.0198534002175,0.0,true,false,false,true,32.28916574520272,MEDIUM,"Vizag - Srikakulam Highway, Natavalasa, Vizianagaram, Andhra Pradesh -> SAGAR CEMENTS LIMITED BAYAVARRAM","[Vehicle traveled 140.02 km more than the learned shortest GPS path.]"
AP39U9629,"BAYYAVARAM -> MUNIGUDA",ONWARD,2026-03-03T00:01,2026-03-04T00:03,294.5,672,26.294642857142858,253.25078122535177,146.8609967684438,106.38978445690796,17.43420969189194,true,false,false,true,30.686273925520627,MEDIUM,"Bheemunipatnam Narsipatnam Road, Visakhapatnam, Vishakhapatnam, Andhra Pradesh -> Raipur - Jagdalpur - Vishakhapatnam road, Marrivalasa, Vizianagaram, Andhra Pradesh -> Chilakapalem Ramabhadrapuram Rayagada Road, Sitanagaram, Vizianagaram, Andhra Pradesh -> BahinipatiKerada, Vizianagaram, Andhra Pradesh -> Rayagada-Bhawanipatna Road, Kasturi Nagar, Rayagada, Rayagada, Odisha","[Vehicle traveled 106.39 km more than the learned shortest GPS path.]"
AP39U9529,"BAYYAVARAM -> BALUGAON",ONWARD,2026-03-18T07:40,2026-03-18T19:43,263.4,550,28.734545454545454,237.99895095529962,239.80568474505745,-1.8067337897578284,81.19660614862902,false,false,true,false,26.155547234284874,LOW,"SAGAR CEMENTS LIMITED BAYAVARRAM -> Vizag - Srikakulam Highway, Natavalasa, Vizianagaram, Andhra Pradesh -> Vizag - Srikakulam Highway, Arinam Akkivalasa, Srikakulam, Andhra Pradesh -> Srikakulam - Ichchapuram Highway, Srikakulam, Andhra Pradesh -> Srikakulam - Ichchapuram Highway, Kesaripada, Srikakulam, Andhra Pradesh -> Srikakulam - Ichchapuram Highway, Karapadu, Srikakulam, Andhra Pradesh","[GPS movement pattern deviated from normal route behavior by 81.20%.]"
AP39U9519,"BAYYAVARAM -> GUDARI-RAYGARADA",ONWARD,2026-03-24T05:52,2026-03-24T23:20,296.3,561,31.689839572192515,266.0204623199415,130.83450219848697,135.1859601214545,0.0,true,false,false,true,25.408940151165332,LOW,"Srikakulam-Narasannapeta Road, Madapam, Srikakulam, Andhra Pradesh -> Vizag - Srikakulam Highway, Budumuru, Srikakulam, Andhra Pradesh -> Palakonda, Parvathipuram Manyam, Andhra Pradesh -> Calingapatnam Srikakulam Parvathipuram Road, Palakonda, Srikakulam, Andhra Pradesh -> Palakonda - Kothuru Road, Haddubhangi, Srikakulam, Andhra Pradesh -> Palkonda Road, Appalapatnayakuni Peta, Srikakulam, Andhra Pradesh -> Vizag - Srikakulam Highway, Srikakulam, Srikakulam, Andhra Pradesh","[Vehicle traveled 135.19 km more than the learned shortest GPS path.]"
AP39U9629,"BAYYAVARAM -> RAYAGADDA",ONWARD,2026-03-11T04:15,2026-03-12T00:59,401.1,796,30.233668341708544,356.21763459051965,253.64740964257686,102.57022494794279,23.963066317152784,true,false,false,true,25.10155852474432,LOW,"Srikakulam - Ichchapuram Highway, Karapadu, Srikakulam, Andhra Pradesh -> Srikakulam - Ichchapuram Highway, Kesaripada, Srikakulam, Andhra Pradesh -> Srikakulam - Ichchapuram Highway, Srikakulam, Andhra Pradesh -> Vizag - Srikakulam Highway, Arinam Akkivalasa, Srikakulam, Andhra Pradesh -> Bheemunipatnam Narsipatnam Road, Visakhapatnam, Vishakhapatnam, Andhra Pradesh -> Raipur - Jagdalpur - Vishakhapatnam road, Marrivalasa, Vizianagaram, Andhra Pradesh","[Vehicle traveled 102.57 km more than the learned shortest GPS path.]"
AP39U9519,"BAYYAVARAM -> BHANJANAGAR",ONWARD,2026-03-28T05:37,2026-03-28T23:41,94.89999999999999,283,20.12014134275618,74.7749057181927,0.0,0.0,52.31516049237312,false,false,true,false,24.58440638108162,LOW,"NO VALID GPS PATH FOUND","[GPS movement pattern deviated from normal route behavior by 52.32%.]"
AP39U9629,"BAYYAVARAM -> BALUGAON",ONWARD,2026-03-26T00:59,2026-03-26T22:55,136.20000000000002,366,22.32786885245902,124.86101631889686,0.0,0.0,53.72455914647435,false,false,true,false,21.612744230071762,LOW,"NO VALID GPS PATH FOUND","[GPS movement pattern deviated from normal route behavior by 53.72%.]"
AP39U9649,"BAYYAVARAM -> BALUGAON GANJAM",ONWARD,2026-03-17T04:56,2026-03-18T00:25,264.49999999999994,598,26.538461538461533,215.7542828132762,123.03939615874444,92.71488665453177,0.0,true,false,false,true,21.486221604873435,LOW,"BahinipatiKerada, Vizianagaram, Andhra Pradesh -> Chilakapalem Ramabhadrapuram Rayagada Road, Vizianagaram, Andhra Pradesh -> Chilakapalem Ramabhadrapuram Rayagada Road, Dhanunjayapuram, Vizianagaram, Andhra Pradesh -> Chilakapalem Ramabhadrapuram Rayagada Road, Surammapeta, Vizianagaram, Andhra Pradesh -> Raipur - Jagdalpur - Vishakhapatnam road, S. Burjavalasa, Vizianagaram, Andhra Pradesh -> National Highway 26, Vizianagaram, Andhra Pradesh -> Bheemunipatnam Narsipatnam Road, Visakhapatnam, Vishakhapatnam, Andhra Pradesh","[Vehicle traveled 92.71 km more than the learned shortest GPS path.]"
AP39U9629,"BAYYAVARAM -> BHANJANAGAR",ONWARD,2026-03-18T05:36,2026-03-19T00:38,334.79999999999995,662,30.344410876132926,301.6218616991543,300.4798248381578,1.142036860996484,43.00031098874465,true,false,true,false,19.078504166839394,LOW,"SAGAR CEMENTS LIMITED BAYAVARRAM -> Vizag - Srikakulam Highway, Natavalasa, Vizianagaram, Andhra Pradesh -> Vizag - Srikakulam Highway, Arinam Akkivalasa, Srikakulam, Andhra Pradesh -> Srikakulam - Ichchapuram Highway, Srikakulam, Andhra Pradesh -> Srikakulam - Ichchapuram Highway, Kesaripada, Srikakulam, Andhra Pradesh -> Srikakulam - Ichchapuram Highway, Karapadu, Srikakulam, Andhra Pradesh -> Asika - Berhampur Road, Asika, Ganjam, Odisha","[GPS movement pattern deviated from normal route behavior by 43.00%.]"
AP39U9519,"BAYYAVARAM -> PEDAGANTYADA (U)",ONWARD,2026-03-27T07:10,2026-03-27T16:22,61.99999999999999,213,17.464788732394364,54.64743103146931,48.0903826572356,6.557048374233709,3.8266082727358652,true,true,false,false,18.70294940079225,LOW,"Bheemunipatnam Narsipatnam Road, Visakhapatnam, Vishakhapatnam, Andhra Pradesh -> PST BUNK OFFICE - BAYYAVARAM","[Trip duration was higher than the normal duration for this route.]"
AP39U9629,"BAYYAVARAM -> DEVARAPALLE",ONWARD,2026-03-07T03:47,2026-03-07T18:52,254.3,506,30.15415019762846,220.5056351832222,201.57215322685408,18.933481956368126,36.57433558501924,true,false,true,false,18.423392259819813,LOW,"Gunupur Bypass Road, Gunupur, Rayagada, Odisha -> Netaji Nagar, Gunupur, Rayagada, Odisha -> State Highway 4, Gunupur, Rayagada, Odisha -> State Highway 4, Rayagada, Odisha -> Palakonda - Kothuru Road, Haddubhangi, Srikakulam, Andhra Pradesh -> Calingapatnam Srikakulam Parvathipuram Road, Palakonda, Srikakulam, Andhra Pradesh -> PST BUNK OFFICE - BAYYAVARAM -> SAGAR CEMENTS LIMITED BAYAVARRAM","[GPS movement pattern deviated from normal route behavior by 36.57%.]"
AP39U9519,"BAYYAVARAM -> BHANJANAGAR",ONWARD,2026-03-07T03:35,2026-03-08T00:24,218.6,556,23.589928057553955,196.7464852210072,195.919551106528,0.8269341144792008,51.193873639355964,false,false,true,false,17.396013305326342,LOW,"Anakapalle Bypass, Venkupalem, Vishakhapatnam, Andhra Pradesh -> Kasimkota Bangarumetta Road, Kothuru Village, Anakapalle, Vishakhapatnam, Andhra Pradesh -> Anakapalli Sabbavaram Road, Gali Bhimavaram, Vishakhapatnam, Andhra Pradesh -> Vizianagaram - Simhachalam Main Road, Sontyam, Vishakhapatnam, Andhra Pradesh -> Vizag - Srikakulam Highway, Vizianagaram, Andhra Pradesh -> Vizag - Srikakulam Highway, G.Chodavaram, Kovvada Agraharam, Srikakulam, Andhra Pradesh -> Srikakulam-Narasannapeta Road, Srikakulam, Andhra Pradesh -> Srikakulam-Narasannapeta Road, Madapam, Srikakulam, Andhra Pradesh -> Srikakulam - Ichchapuram Highway, Venkatapuram, Srikakulam, Andhra Pradesh","[GPS movement pattern deviated from normal route behavior by 51.19%.]"
AP39U9649,"BAYYAVARAM -> DEVARAPALLE",ONWARD,2026-03-11T00:55,2026-03-11T23:58,91.60000000000002,368,14.934782608695654,58.6289911800395,0.0,0.0,36.598018470104726,false,false,true,false,14.137300277873521,LOW,"NO VALID GPS PATH FOUND","[GPS movement pattern deviated from normal route behavior by 36.60%.]"
AP39U9519,"BAYYAVARAM -> BISAM-CUTTACK",ONWARD,2026-03-01T14:20,2026-03-02T10:08,284.0,696,24.482758620689655,218.97562150319072,218.57409952353552,0.4015219796552003,9.507419943899814,false,false,false,false,0.0,NORMAL,"PST BUNK OFFICE - BAYYAVARAM -> SAGAR CEMENTS LIMITED BAYAVARRAM -> Rayagada-Bhawanipatna Road, Bissamcuttack, Rayagada, Odisha","[]"
AP39U9529,"BAYYAVARAM -> BHANJANAGAR",ONWARD,2026-03-03T07:07,2026-03-04T00:26,214.6,476,27.050420168067227,195.88325021446758,195.4107576507475,0.472492563720067,20.060265621051066,false,false,false,false,0.0,NORMAL,"SAGAR CEMENTS LIMITED BAYAVARRAM -> PST BUNK OFFICE - BAYYAVARAM -> Srikakulam - Ichchapuram Highway, Venkatapuram, Srikakulam, Andhra Pradesh","[]"
AP39U9519,"BAYYAVARAM -> KALYAN SINGHPUR",ONWARD,2026-03-03T02:44,2026-03-04T07:12,358.8,759,28.363636363636363,296.89731895989746,290.2449161767469,6.652402783150535,0.0,false,false,false,false,0.0,NORMAL,"Raipur - Jagdalpur - Vishakhapatnam road, Bodametlapalem, Vizianagaram, Andhra Pradesh -> PST BUNK OFFICE - BAYYAVARAM -> Bheemunipatnam Narsipatnam Road, Visakhapatnam, Vishakhapatnam, Andhra Pradesh -> Lanjigarh-KSingpur Road, Adabadi, Rayagada, Odisha","[]"
AP39U9649,"BAYYAVARAM -> BERHAMPUR",ONWARD,2026-03-04T06:55,2026-03-04T23:49,275.1,622,26.536977491961416,205.93587262396795,215.38192363052337,-9.446051006555422,19.39896719974444,false,false,false,false,0.0,NORMAL,"Badaraising, Seskhal, Rayagada, Odisha -> Rayagada-Bhawanipatna Road, Jaykaypur, Rayagada, Odisha -> Nuachaitalguda, Seskhal, Rayagada, Odisha -> Raipur - Jagdalpur - Vishakhapatnam road, Busayavalasa, Vizianagaram, Andhra Pradesh -> National Highway 26, Vizianagaram, Andhra Pradesh -> SAGAR CEMENTS LIMITED BAYAVARRAM","[]"
AP39U9629,"BAYYAVARAM -> GUNUPUR",ONWARD,2026-03-05T04:48,2026-03-05T23:16,236.70000000000002,493,28.807302231237323,200.5374105795137,181.5963597105606,18.941050868953113,0.0,false,false,false,false,0.0,NORMAL,"Rayagada-Bhawanipatna Road, Kasturi Nagar, Rayagada, Rayagada, Odisha -> BahinipatiKerada, Vizianagaram, Andhra Pradesh -> Chilakapalem Ramabhadrapuram Rayagada Road, Sitanagaram, Vizianagaram, Andhra Pradesh -> Raipur - Jagdalpur - Vishakhapatnam road, Marrivalasa, Vizianagaram, Andhra Pradesh -> PST BUNK OFFICE - BAYYAVARAM -> SAGAR CEMENTS LIMITED BAYAVARRAM","[]"
AP39U9649,"BAYYAVARAM -> RAYAGADDA",ONWARD,2026-03-07T02:58,2026-03-07T23:52,238.79999999999998,558,25.677419354838705,192.77538232769575,183.2180252268314,9.557357100864351,23.95883234214188,false,false,false,false,0.0,NORMAL,"SAGAR CEMENTS LIMITED BAYAVARRAM -> PST BUNK OFFICE - BAYYAVARAM -> Raipur - Jagdalpur - Vishakhapatnam road, Marrivalasa, Vizianagaram, Andhra Pradesh -> Chilakapalem Ramabhadrapuram Rayagada Road, Sitanagaram, Vizianagaram, Andhra Pradesh -> BahinipatiKerada, Vizianagaram, Andhra Pradesh -> Rayagada-Bhawanipatna Road, Kasturi Nagar, Rayagada, Rayagada, Odisha -> Collectorate Road, Indira Nagar, Rayagada, Rayagada, Odisha","[]"
AP39U9529,"BAYYAVARAM -> TEKKALI",ONWARD,2026-03-07T16:18,2026-03-07T21:38,4.5,45,6.0,2.810339392736425,2.5466561111673887,0.2636832815690364,0.0,false,false,false,false,0.0,NORMAL,"Anakapalle Bypass, Sampathipuram, Vishakhapatnam, Andhra Pradesh -> SAGAR CEMENTS LIMITED BAYAVARRAM","[]"
AP39U9649,"BAYYAVARAM -> RSUVANI",ONWARD,2026-03-09T01:05,2026-03-09T19:34,268.1,533,30.180112570356478,243.25528467999243,236.85076238967181,6.404522290320614,13.547260085824696,false,false,false,false,0.0,NORMAL,"PST BUNK OFFICE - BAYYAVARAM -> Bheemunipatnam Narsipatnam Road, Pinagadi, Vishakhapatnam, Andhra Pradesh -> Vizag - Srikakulam Highway, Natavalasa, Vizianagaram, Andhra Pradesh -> Vizag - Srikakulam Highway, Arinam Akkivalasa, Srikakulam, Andhra Pradesh -> Srikakulam - Ichchapuram Highway, Srikakulam, Andhra Pradesh -> Srikakulam - Ichchapuram Highway, Kesaripada, Srikakulam, Andhra Pradesh -> Srikakulam - Ichchapuram Highway, Karapadu, Srikakulam, Andhra Pradesh","[]"
AP39U9629,"BAYYAVARAM -> BHANJANAGAR",ONWARD,2026-03-09T01:19,2026-03-09T19:31,263.9,525,30.159999999999997,241.3953125652293,239.80568474505745,1.5896278201718417,20.965623150884497,false,false,false,false,0.0,NORMAL,"SAGAR CEMENTS LIMITED BAYAVARRAM -> Vizag - Srikakulam Highway, Natavalasa, Vizianagaram, Andhra Pradesh -> Vizag - Srikakulam Highway, Arinam Akkivalasa, Srikakulam, Andhra Pradesh -> Srikakulam - Ichchapuram Highway, Srikakulam, Andhra Pradesh -> Srikakulam - Ichchapuram Highway, Kesaripada, Srikakulam, Andhra Pradesh -> Srikakulam - Ichchapuram Highway, Karapadu, Srikakulam, Andhra Pradesh","[]"
AP39U9529,"BAYYAVARAM -> PALAKONDA",ONWARD,2026-03-11T06:38,2026-03-12T02:45,349.8,746,28.134048257372655,277.58475806737,0.0,0.0,0.0,false,false,false,false,0.0,NORMAL,"NO VALID GPS PATH FOUND","[]"
AP39U9649,"BAYYAVARAM -> BERHAMPUR",ONWARD,2026-03-12T00:31,2026-03-12T19:10,296.6,553,32.18083182640145,271.72124017986175,271.6839115711928,0.037328608668929064,19.404623513625822,false,false,false,false,0.0,NORMAL,"SAGAR CEMENTS LIMITED BAYAVARRAM -> Vizag - Srikakulam Highway, Srikakulam, Srikakulam, Andhra Pradesh -> Srikakulam - Ichchapuram Highway, Narasingupalle, Srikakulam, Andhra Pradesh -> Station Road, Lanjipalli, Brahmapur, Ganjam, Odisha","[]"
AP39U9529,"BAYYAVARAM -> BHANJANAGAR",ONWARD,2026-03-12T11:15,2026-03-12T23:42,108.39999999999999,249,26.120481927710838,96.38507662080565,97.04355543755065,-0.6584788167450029,23.90317949892275,false,false,false,false,0.0,NORMAL,"Anakapalle Bypass, Sampathipuram, Vishakhapatnam, Andhra Pradesh -> SAGAR CEMENTS LIMITED BAYAVARRAM -> Anakapalli Sabbavaram Road, Gali Bhimavaram, Vishakhapatnam, Andhra Pradesh -> Vizianagaram - Simhachalam Main Road, Sontyam, Vishakhapatnam, Andhra Pradesh -> Vizag - Srikakulam Highway, Vizianagaram, Andhra Pradesh -> Vizag - Srikakulam Highway, G.Chodavaram, Kovvada Agraharam, Srikakulam, Andhra Pradesh -> Vizag - Srikakulam Highway, Varisam, Srikakulam, Andhra Pradesh","[]"
AP39U9649,"BAYYAVARAM -> MUNIGUDA",ONWARD,2026-03-14T04:58,2026-03-15T00:36,300.5,669,26.95067264573991,239.57283949372786,0.0,0.0,17.632195871082928,false,false,false,false,0.0,NORMAL,"NO VALID GPS PATH FOUND","[]"
AP39U9649,"BAYYAVARAM -> MADHURAVADA (U)",ONWARD,2026-03-14T04:58,2026-03-15T00:36,300.5,669,26.95067264573991,239.57283949372786,0.0,0.0,0.0,false,false,false,false,0.0,NORMAL,"NO VALID GPS PATH FOUND","[]"
AP39U9629,"BAYYAVARAM -> GUDARI",ONWARD,2026-03-16T00:48,2026-03-16T18:00,244.79999999999995,484,30.347107438016526,212.9807308468976,194.55714431984373,18.423586527053857,0.0,false,false,false,false,0.0,NORMAL,"SAGAR CEMENTS LIMITED BAYAVARRAM -> PST BUNK OFFICE - BAYYAVARAM -> Calingapatnam Srikakulam Parvathipuram Road, Palakonda, Srikakulam, Andhra Pradesh -> Palakonda - Kothuru Road, Haddubhangi, Srikakulam, Andhra Pradesh -> State Highway 4, Rayagada, Odisha","[]"
AP39U9629,"BHANJANAGAR -> MUJAGADA",RETURN,2026-03-19T05:14,2026-03-19T23:35,210.0,517,24.371373307543518,181.48637739595185,141.88558172496104,39.600795670990806,0.0,false,false,false,false,0.0,NORMAL,"Asika - Berhampur Road, Asika, Ganjam, Odisha -> Phulbani - Bhanjanagar - Asika - Berhampur Road, Baunsalundi, Ganjam, Odisha -> Asika - Berhampur Road, Samarjhola, Ganjam, Odisha -> Asika - Berhampur Road, Narayana Nagar, Haridakhandi, Brahmapur, Ganjam, Odisha -> Bypass Road, Housing Board Colony, Brahmapur, Ganjam, Odisha -> Srikakulam - Ichchapuram Highway, Karapadu, Srikakulam, Andhra Pradesh","[]"
AP39U9519,"BAYYAVARAM -> PEDAGANTYADA (U)",ONWARD,2026-03-20T15:37,2026-03-20T21:47,5.3999999999999995,57,5.684210526315789,3.5552677854289767,3.0341871801697415,0.5210806052592352,3.8268839069562492,false,false,false,false,0.0,NORMAL,"PST BUNK OFFICE - BAYYAVARAM -> SAGAR CEMENTS LIMITED BAYAVARRAM","[]"
AP39U9649,"BAYYAVARAM -> SIKARPAI",ONWARD,2026-03-21T07:45,2026-03-22T01:56,205.4,481,25.62162162162162,175.47162899904458,157.32866792714384,18.142961071900743,0.0,false,false,false,false,0.0,NORMAL,"SAGAR CEMENTS LIMITED BAYAVARRAM -> PST BUNK OFFICE - BAYYAVARAM -> Raipur - Jagdalpur - Vishakhapatnam road, Marrivalasa, Vizianagaram, Andhra Pradesh -> Chilakapalem Ramabhadrapuram Rayagada Road, Sitanagaram, Vizianagaram, Andhra Pradesh -> BahinipatiKerada, Vizianagaram, Andhra Pradesh","[]"
AP39U9629,"BAYYAVARAM -> ICHAPURAM",ONWARD,2026-03-21T07:42,2026-03-21T23:42,263.9,527,30.045540796963945,240.8975505497061,239.80568474505745,1.0918658046486485,0.0,false,false,false,false,0.0,NORMAL,"SAGAR CEMENTS LIMITED BAYAVARRAM -> Vizag - Srikakulam Highway, Natavalasa, Vizianagaram, Andhra Pradesh -> Vizag - Srikakulam Highway, Arinam Akkivalasa, Srikakulam, Andhra Pradesh -> Srikakulam - Ichchapuram Highway, Srikakulam, Andhra Pradesh -> Srikakulam - Ichchapuram Highway, Kesaripada, Srikakulam, Andhra Pradesh -> Srikakulam - Ichchapuram Highway, Karapadu, Srikakulam, Andhra Pradesh","[]"
AP39U9529,"BAYYAVARAM -> SIRIGUDA, GUDARI",ONWARD,2026-03-22T07:18,2026-03-22T17:32,234.5,498,28.25301204819277,205.35218656424516,188.0668209343115,17.285365629933665,0.0,false,false,false,false,0.0,NORMAL,"SAGAR CEMENTS LIMITED BAYAVARRAM -> PST BUNK OFFICE - BAYYAVARAM -> Calingapatnam Srikakulam Parvathipuram Road, Palakonda, Srikakulam, Andhra Pradesh -> Palakonda - Kothuru Road, Haddubhangi, Srikakulam, Andhra Pradesh -> Alikam Bathili Road, Bathili, Srikakulam, Andhra Pradesh -> Penguda alias Bodobikrampur, Rayagada, Odisha","[]"
AP39U9519,"BAYYAVARAM -> RSUVANI",ONWARD,2026-03-22T00:53,2026-03-22T21:24,278.90000000000003,460,36.37826086956522,254.62921880206616,253.68647542043004,0.9427433816361201,15.07000513274218,false,false,false,false,0.0,NORMAL,"SAGAR CEMENTS LIMITED BAYAVARRAM -> Vizag - Srikakulam Highway, Srikakulam, Srikakulam, Andhra Pradesh -> Srikakulam - Ichchapuram Highway, Narasingupalle, Srikakulam, Andhra Pradesh -> Srikakulam - Ichchapuram Highway, Podugu Padu, Srikakulam, Andhra Pradesh -> Srikakulam - Ichchapuram Highway, Kurudu, Srikakulam, Andhra Pradesh -> Srikakulam - Ichchapuram Highway, Pothuluru, Srikakulam, Andhra Pradesh -> Ichchapuram Bypass Road, AMIN SAHIB PETA, Ganjam, Odisha -> Major District Road 12, AMIN SAHIB PETA, Srikakulam, Andhra Pradesh","[]"
AP39U9629,"BAYYAVARAM -> GUMUDA-RAYAGADA",ONWARD,2026-03-23T00:56,2026-03-23T18:23,246.09999999999997,631,23.400950871632325,199.98545111788687,194.55714431984373,5.428306798043138,0.0,false,false,false,false,0.0,NORMAL,"SAGAR CEMENTS LIMITED BAYAVARRAM -> PST BUNK OFFICE - BAYYAVARAM -> Calingapatnam Srikakulam Parvathipuram Road, Palakonda, Srikakulam, Andhra Pradesh -> Palakonda - Kothuru Road, Haddubhangi, Srikakulam, Andhra Pradesh -> State Highway 4, Rayagada, Odisha","[]"
AP39U9649,"BAYYAVARAM -> KOTHAVALASA",ONWARD,2026-03-24T05:02,2026-03-24T22:49,240.2,593,24.3035413153457,202.1207427844788,181.5963597105606,20.524383073918216,0.0,false,false,false,false,0.0,NORMAL,"Rayagada-Bhawanipatna Road, Kasturi Nagar, Rayagada, Rayagada, Odisha -> BahinipatiKerada, Vizianagaram, Andhra Pradesh -> Chilakapalem Ramabhadrapuram Rayagada Road, Sitanagaram, Vizianagaram, Andhra Pradesh -> Raipur - Jagdalpur - Vishakhapatnam road, Marrivalasa, Vizianagaram, Andhra Pradesh -> PST BUNK OFFICE - BAYYAVARAM -> SAGAR CEMENTS LIMITED BAYAVARRAM","[]"
AP39U9529,"BAYYAVARAM -> MUNIGUDA",ONWARD,2026-03-24T00:02,2026-03-24T18:33,149.2,308,29.06493506493506,128.45893520389703,116.70452217914278,11.754413024754243,4.342371352753724,false,false,false,false,0.0,NORMAL,"Bheemunipatnam Narsipatnam Road, Pinagadi, Vishakhapatnam, Andhra Pradesh -> PST BUNK OFFICE - BAYYAVARAM -> SAGAR CEMENTS LIMITED BAYAVARRAM -> National Highway 26, Vizianagaram, Andhra Pradesh -> Raipur - Jagdalpur - Vishakhapatnam road, Gajapatinagaram, Vizianagaram, Andhra Pradesh","[]"
AP39U9629,"BAYYAVARAM -> K D PETA",ONWARD,2026-03-25T06:23,2026-03-25T22:17,231.9,495,28.10909090909091,189.27419954705363,184.78372494809236,4.490474598961271,0.0,false,false,false,false,0.0,NORMAL,"Alikam Bathili Road, Bathili, Srikakulam, Andhra Pradesh -> Palakonda - Kothuru Road, Haddubhangi, Srikakulam, Andhra Pradesh -> Calingapatnam Srikakulam Parvathipuram Road, Palakonda, Srikakulam, Andhra Pradesh -> PST BUNK OFFICE - BAYYAVARAM -> SAGAR CEMENTS LIMITED BAYAVARRAM","[]"
AP39U9649,"BAYYAVARAM -> BHANJANAGAR",ONWARD,2026-03-26T02:51,2026-03-27T05:45,389.6,745,31.377181208053695,333.73947432919164,0.0,0.0,9.772540565817751,true,false,false,false,0.0,NORMAL,"NO VALID GPS PATH FOUND","[]"
AP39U9629,"BAYYAVARAM -> KANAMANA, CHATRAPUR, DIST",ONWARD,2026-03-26T00:59,2026-03-26T22:55,136.20000000000002,366,22.32786885245902,124.86101631889686,0.0,0.0,0.0,false,false,false,false,0.0,NORMAL,"NO VALID GPS PATH FOUND","[]"
AP39U9529,"BAYYAVARAM -> RSUVANI",ONWARD,2026-03-26T02:28,2026-03-26T22:48,242.29999999999995,605,24.029752066115698,192.94691471896587,186.84808123671033,6.098833482255543,28.59797628887564,false,false,false,false,0.0,NORMAL,"Rayagada-Bhawanipatna Road, Amalabhata, Rayagada, Odisha -> IACR College Road, Sai Priya Nagar, Rayagada, Rayagada, Odisha -> BahinipatiKerada, Vizianagaram, Andhra Pradesh -> Chilakapalem Ramabhadrapuram Rayagada Road, Sitanagaram, Vizianagaram, Andhra Pradesh -> Raipur - Jagdalpur - Vishakhapatnam road, Marrivalasa, Vizianagaram, Andhra Pradesh -> PST BUNK OFFICE - BAYYAVARAM -> SAGAR CEMENTS LIMITED BAYAVARRAM","[]"
AP39U9649,"BAYYAVARAM -> RAYAGADA",ONWARD,2026-03-28T00:14,2026-03-28T18:38,209.79999999999998,504,24.976190476190474,172.39227841295656,154.2944807469741,18.097797665982455,0.0,false,false,false,false,0.0,NORMAL,"PST BUNK OFFICE - BAYYAVARAM -> Raipur - Jagdalpur - Vishakhapatnam road, Marrivalasa, Vizianagaram, Andhra Pradesh -> Chilakapalem Ramabhadrapuram Rayagada Road, Sitanagaram, Vizianagaram, Andhra Pradesh -> BahinipatiKerada, Vizianagaram, Andhra Pradesh","[]"
AP39U9529,"BAYYAVARAM -> DANGASORADA",ONWARD,2026-03-29T00:43,2026-03-30T02:03,278.1,698,23.905444126074503,233.0901694734256,217.97582147187805,15.11434800154754,0.0,false,false,false,false,0.0,NORMAL,"SAGAR CEMENTS LIMITED BAYAVARRAM -> PST BUNK OFFICE - BAYYAVARAM -> Raipur - Jagdalpur - Vishakhapatnam road, Marrivalasa, Vizianagaram, Andhra Pradesh -> Chilakapalem Ramabhadrapuram Rayagada Road, Sitanagaram, Vizianagaram, Andhra Pradesh -> BahinipatiKerada, Vizianagaram, Andhra Pradesh -> IACR College Road, Sai Priya Nagar, Rayagada, Rayagada, Odisha -> Rayagada-Bhawanipatna Road, Bissamcuttack, Rayagada, Odisha","[]"
AP39U9629,"BAYYAVARAM -> BISAM-CUTTACK",ONWARD,2026-03-30T06:56,2026-03-31T00:38,239.40000000000003,536,26.79850746268657,202.25436672482348,178.43567899034605,23.818687734477436,9.506442208845355,false,false,false,false,0.0,NORMAL,"PST BUNK OFFICE - BAYYAVARAM -> Raipur - Jagdalpur - Vishakhapatnam road, Marrivalasa, Vizianagaram, Andhra Pradesh -> Chilakapalem Ramabhadrapuram Rayagada Road, Sitanagaram, Vizianagaram, Andhra Pradesh -> BahinipatiKerada, Vizianagaram, Andhra Pradesh -> IACR College Road, Sai Priya Nagar, Rayagada, Rayagada, Odisha","[]"
AP39U9629,"BAYYAVARAM -> PENDURTHI",ONWARD,2026-03-31T00:38,2026-03-31T14:42,37.300000000000004,613,3.650897226753671,34.36803938110932,34.12929587960151,0.23874350150781254,0.0,false,false,false,false,0.0,NORMAL,"IACR College Road, Sai Priya Nagar, Rayagada, Rayagada, Odisha -> Rayagada-Bhawanipatna Road, Kasturi Nagar, Rayagada, Rayagada, Odisha -> SH5, Bishamakatak, Rayagada, Odisha -> SH5, Bissamcuttack, Bishamakatak, Rayagada, Odisha","[]"
AP39U9519,"BAYYAVARAM -> MADUGULA",ONWARD,2026-03-31T00:48,2026-03-31T15:17,268.30000000000007,548,29.375912408759135,246.47486230777244,245.71748765095975,0.7573746568126865,0.0,false,false,false,false,0.0,NORMAL,"Ichchapuram Bypass Road, Srikakulam, Andhra Pradesh -> Srikakulam - Ichchapuram Highway, Karapadu, Srikakulam, Andhra Pradesh -> Srikakulam - Ichchapuram Highway, Kesaripada, Srikakulam, Andhra Pradesh -> Srikakulam - Ichchapuram Highway, Srikakulam, Andhra Pradesh -> Vizag - Srikakulam Highway, Arinam Akkivalasa, Srikakulam, Andhra Pradesh -> Vizag - Srikakulam Highway, Natavalasa, Vizianagaram, Andhra Pradesh -> Bheemunipatnam Narsipatnam Road, Pinagadi, Vishakhapatnam, Andhra Pradesh -> PST BUNK OFFICE - BAYYAVARAM","[]"
